"V1","V2","V3","V4","V5","V6","V7","V8"
0.518151815369979,0.53152751590928,0.540424111507126,0.550171013530841,0.554231456964668,0.541413005268066,0.520613595602903,0.452516075457332
0.516548007874882,0.548260317607649,0.560096214052176,0.565314426367757,0.559307160980212,0.546257851360683,0.540706959686985,0.548225745024599
0.427127206023074,0.394697968459354,0.382037521607812,0.37686107003492,0.387935838406368,0.418922274326659,0.44503380931028,0.497578176695936
0.575614326749775,0.483720218789751,0.454216125703046,0.450965800313305,0.488852516547485,0.552690086223078,0.583656278222515,0.579956507846558
0.616222075359961,0.470402826594084,0.417520398052408,0.39653315257345,0.426893245573142,0.484389112169731,0.503034385745072,0.441474396092185
0.579934825926498,0.496375038751618,0.46725028986659,0.45736122054351,0.47608032671183,0.50492743717295,0.508010080662594,0.445510369745281
0.590041654010127,0.624649210614776,0.63617605366383,0.635752302156655,0.610542977806067,0.55281370093629,0.50389204585924,0.398436167367444
0.668016316934209,0.511726156187289,0.454769885711498,0.431120241219291,0.460243442945721,0.514047490856197,0.526395794062266,0.440311073188572
0.588849937151537,0.459989558418158,0.419167808420367,0.411812478187605,0.447522690268345,0.484146834946678,0.469344081874723,0.297670522242412
0.500761682370053,0.550178682187153,0.569668856970816,0.580400534630309,0.575551689257859,0.561015517277817,0.555739991817997,0.571758711379846
0.534968028781508,0.551439283910652,0.557714763337812,0.560075491078625,0.554335940658229,0.539303682645343,0.527219810706733,0.504614447806857
0.522668361705416,0.534505372856056,0.547029940880697,0.568716885888412,0.599508223376529,0.634122661547248,0.652362224005968,0.672101819436225
0.550487006716303,0.544678544357773,0.539103785076556,0.528084833064498,0.506905393398232,0.468966448818129,0.4359912352874,0.355905759147841
0.611700322920657,0.430923993031185,0.374155691582394,0.366953692040637,0.428111096747347,0.507429539632495,0.515268498461005,0.352401779265143
0.576675165816564,0.47968148192331,0.445701790454793,0.433712373236259,0.454308769753971,0.485740485372043,0.487585805621943,0.411019875844099
0.534006963713808,0.456054007299042,0.430551690377093,0.42691650984442,0.458437973076554,0.513997882539672,0.543064473596135,0.550147020316135
0.535324632846272,0.496951604137206,0.47831161964856,0.461880194973257,0.453439969635539,0.453530271766391,0.455146968177668,0.453113732184169
0.448155385096152,0.50012040709528,0.516176228857249,0.515875737278101,0.489000362592129,0.441670683158355,0.413823356737426,0.38996110855314
0.521687227086841,0.54594941001305,0.561647608649321,0.580369616713199,0.595976851482543,0.598942429728379,0.59052626872082,0.551619007051864
0.472127355341839,0.46466823786926,0.464930159334706,0.470416613205255,0.480903288261095,0.489373606404424,0.488192192276772,0.464328436834328
0.597990802611668,0.501948947654186,0.468278508515871,0.455905825166661,0.474101820510271,0.49917234768567,0.494573794303798,0.400807400231752
0.417696826133508,0.431402561753661,0.444356901257477,0.464091637158253,0.485799941325259,0.496751512014347,0.490837963576517,0.445339513226015
0.457169906710649,0.497472736303413,0.516155970357026,0.531087461027856,0.535600496430946,0.529149084964818,0.523064286338696,0.517295407802009
0.527436624238627,0.461214779266962,0.437692485705978,0.42922281686746,0.444354865892889,0.470985231863158,0.478668169536635,0.446058138634321
0.46741914443281,0.52012211802361,0.545272905650313,0.565442474818001,0.569015190119886,0.549215446492005,0.527116283012544,0.476233252466433
0.601751805935325,0.449402410487362,0.40616634032993,0.411756941125163,0.484183285266296,0.579451040655425,0.604020931594088,0.494452924769141
0.498620504722062,0.412164442979471,0.389592314087586,0.400134602474722,0.461532464424556,0.559913214442325,0.616048944756515,0.662797710795984
0.340313998631776,0.486234202038753,0.546213314327143,0.581691448383165,0.567184505739045,0.507588600331167,0.467529447682564,0.433941879135145
0.450640935513424,0.493863992179124,0.518312258477972,0.544882006478532,0.566819434730025,0.578904803175438,0.580769892171342,0.576311070291087
0.428200050854414,0.462858622910606,0.473092302736473,0.473439215543769,0.461672517818733,0.450668626791256,0.455440393055248,0.507534605809761
0.681703716795557,0.516378903157771,0.455376339833926,0.428014668306039,0.453329779241709,0.499732460478313,0.50357002240737,0.390303161905765
0.553448251962191,0.423015880780667,0.373895087647494,0.353050476186108,0.383988952337012,0.458196045468713,0.504246743665146,0.5408066407468
0.617067621441559,0.40682427453694,0.331365792160515,0.303726943273041,0.354047517954815,0.45021471097207,0.489187266687052,0.43052467876574
0.695738737474912,0.428095242181824,0.338679927409568,0.316850568441672,0.394570863322613,0.511439651579086,0.537033841094826,0.361862918937584
0.488124212238484,0.460610785757377,0.466797346691364,0.499077127347028,0.5558535518947,0.603544194284935,0.602635481153202,0.498430784952036
0.488949617374697,0.517758092466101,0.523003394224601,0.514259203541729,0.486001964425041,0.446306397208404,0.426373340426239,0.418627168214966
0.60272318869852,0.460894308402274,0.419252044858041,0.420873206269819,0.481703551911099,0.561004528585052,0.577592592591827,0.464815025852697
0.594658828627828,0.529628161468182,0.502381819794697,0.484789883280815,0.486662248440703,0.503670508384996,0.512682519768704,0.505346232450162
0.578185904233619,0.504207556900097,0.48082187872173,0.477270850043703,0.500588245605303,0.529242342390593,0.52878963560189,0.45261184318811
0.42328150023626,0.462477211428745,0.486218520216474,0.513235925550407,0.535246005287812,0.541745327006802,0.534382784571507,0.497087594194902
0.579982808667602,0.462261330569678,0.417765531766711,0.396417780969629,0.413514472456033,0.45096362010901,0.461299832442105,0.407277601665596
0.528025066779681,0.513090226269972,0.512021844265478,0.517787644391596,0.525923781526405,0.51711967807261,0.491452543206794,0.386035062921252
0.452389794405544,0.522223771498543,0.543738111080369,0.54595812806638,0.522774015659944,0.496140298044798,0.498538494783127,0.57877401288905
0.377449599919483,0.542552011061402,0.604724657974889,0.632439035704507,0.5996271170903,0.523677041515675,0.484684467738525,0.492706695648314
0.513555539524369,0.411790414818213,0.380240049713891,0.377107458322943,0.412868247386576,0.458586046253724,0.463038143186683,0.369450407468255
0.631356394680759,0.482760104437798,0.427157146360079,0.401954171329544,0.427601696791633,0.482627241584477,0.502461401688632,0.450568706546133
0.566772781124225,0.441666789489451,0.395301716760473,0.376495455601346,0.406192275597905,0.472446399472011,0.509298852941868,0.520068117829194
0.418974781767516,0.372232953299118,0.362753584976233,0.373729259232883,0.411578009215889,0.459815425983496,0.477449544539393,0.453458219747626
0.485484076247781,0.445433416184262,0.43530848897119,0.439011018236555,0.459358160967862,0.479846748570481,0.478045350562806,0.41985562724267
0.593948433657512,0.526504785221513,0.513962729728554,0.530584966240969,0.580419360337886,0.628967939095336,0.628745642772818,0.51631365111053
0.597660397837263,0.459299163316425,0.410637036303166,0.394485165592583,0.429808442151083,0.492707027507773,0.515227089527883,0.462881077821836
0.643921595789852,0.477080675877264,0.417295900115406,0.394350587543298,0.428754403709075,0.488802844738688,0.502023277876439,0.405196130483644
0.406423522021369,0.467470247769556,0.499336952254358,0.531279387721306,0.555690575382454,0.571884587482613,0.580819686101218,0.605446216508404
0.311784291167102,0.474881403571644,0.543068344939473,0.586837261376846,0.581571661047978,0.538281505828173,0.515399547270199,0.533740677907616
0.606198721521914,0.469640477496284,0.423410624386303,0.41351942220712,0.463651470264221,0.556936865707212,0.607744390315986,0.627546623182046
0.483394909559804,0.402073080507307,0.381305365748719,0.388696005462701,0.430974047582068,0.47669089016055,0.47801581614146,0.374913913809098
0.479662445807143,0.41217076036033,0.409623579453731,0.449689794967801,0.535922921888687,0.620792095364166,0.632292990766983,0.503155201044911
0.488438292390488,0.477544211234683,0.47588567933785,0.479142137590392,0.487154278663089,0.492448172880408,0.488680823346257,0.458204205517111
0.549652772463294,0.503154458589139,0.490375051674956,0.493914313527497,0.521605570613019,0.563702439737293,0.584033220256357,0.584614978457882
0.483060581021663,0.436419076270684,0.429138542733393,0.445246191158748,0.491183246868159,0.547928080988895,0.56883779686836,0.543416277383479
0.551485420233101,0.523532161181296,0.522223572307551,0.537873166625543,0.571000691460079,0.600522065859858,0.599937548870502,0.532669099219291
0.245514324764052,0.437096060132153,0.52203624673596,0.587512449659249,0.611837530173508,0.615023972764193,0.632931610029069,0.756413818251874
0.422093126736378,0.50703663426688,0.547819993902434,0.582572962996739,0.597146110960665,0.588509243812705,0.577182776729352,0.562266652497581
0.494108727786845,0.507434384400277,0.51200299028665,0.513895082270669,0.51297619738745,0.514721983842213,0.521243354459424,0.551310776178801
0.524074311384916,0.543753787410528,0.561492884196749,0.588268960780841,0.61848175662054,0.637227428115156,0.634317965073598,0.588957249333853
0.513425750368536,0.505781671787001,0.509798572186406,0.523840341042321,0.546498189434408,0.563929313845193,0.561914292804562,0.516612676701386
0.543225378949723,0.540519738257461,0.541752749927369,0.546548608734789,0.555154960967293,0.5642375395534,0.567161438288896,0.562291776822759
0.739932697887627,0.57107541320855,0.506365438366915,0.474212266369997,0.498094702747951,0.555890136277282,0.577499767183517,0.523482625089828
0.462373581645669,0.603717662078143,0.656405754561855,0.677252483535735,0.639512997076163,0.550793310472497,0.493456907271567,0.435620711092952
0.569962885974814,0.525907955931173,0.513283853682491,0.515058474796336,0.537662907472549,0.570713836063416,0.58405024992642,0.570494401353714
0.548011730121705,0.461169519243821,0.43125153263172,0.422821023519553,0.448421028059059,0.493440047410998,0.511819071183033,0.487803747422383
0.403444255153408,0.447294551574884,0.467563651137258,0.483792115729623,0.489059530134324,0.483439527177905,0.478479246164481,0.477162175388867
0.543166253177962,0.533418739992101,0.531360435355622,0.533956155208841,0.543917304611169,0.560364241366132,0.571113761611283,0.586404192647244
0.537568086167557,0.45051131289034,0.426614133334659,0.429028198197017,0.460644489812504,0.482088543687352,0.458542305522255,0.286213224623347
0.447542295084626,0.457307757721035,0.47130300620113,0.494743276028031,0.51906427579043,0.520217807172364,0.495919577919398,0.383390614538877
0.520998926673501,0.540480873474092,0.556514879075892,0.579518439115087,0.604224348738593,0.618223953465414,0.614606288308967,0.575197679483278
0.524836850831458,0.456723358114119,0.442392105833286,0.455309844180278,0.49972855047643,0.543117591542304,0.541367317038693,0.431780419106296
0.585118081698934,0.472031540537241,0.447596912310967,0.46881470453106,0.546275225612452,0.633069866832429,0.647733335660393,0.518379607473602
0.461134228408121,0.441653997915913,0.435690936663925,0.43635275587531,0.448618211070552,0.472181737052117,0.488712156250335,0.514511705592516
0.666739238023408,0.51905148601897,0.468053300061131,0.454033788714993,0.499966398123554,0.584086985575493,0.623772056366645,0.607222484795416
0.583044169735322,0.491619984708282,0.457451571181153,0.442089192839452,0.458241666006201,0.492874573554137,0.505799727232981,0.475698217032009
0.518099934127774,0.469790404709681,0.458153976550982,0.464940344766166,0.496187703554,0.536020569756777,0.548496403689431,0.516647840720953
0.495151814301754,0.537998069027579,0.554139558279072,0.560475174306959,0.547839231494407,0.5164357462631,0.493756805009005,0.460481321777288
0.415314526226378,0.503751172884552,0.545314982650731,0.578210246754165,0.584486778460297,0.556310258417401,0.526380163048914,0.464285341899221
0.512826695786865,0.461811171110349,0.445869028330383,0.444357040516328,0.463503629364935,0.490704990398698,0.497871865667854,0.465458311138457
0.451058538222406,0.533450049891075,0.572604499022454,0.606925370998105,0.626992066741682,0.638063214135978,0.649032751310218,0.698314124619319
0.47668102319652,0.522343537432206,0.53904551479481,0.546255014153976,0.538711262765757,0.525311530145604,0.524025140482436,0.555400497749772
0.461731594761222,0.49354667202378,0.50337321290326,0.50319467857568,0.486792395688177,0.457985095767771,0.441127446351302,0.427074134455804
0.513171334121841,0.475542151249003,0.464775663437394,0.4653801096964,0.480236216415385,0.495776192475367,0.493512862668103,0.443451493259033
0.457049518218823,0.470711586283869,0.482866854953101,0.499739716368563,0.513759896420984,0.508178256358682,0.486649056139332,0.401082118939701
0.617703528110414,0.582989756449098,0.570569228391553,0.564940386200906,0.567898979300273,0.56839875341415,0.558235146905097,0.501676392703405
0.453236963081683,0.453591179178755,0.455684268987498,0.461599872540841,0.474666405374523,0.498609413130751,0.519052286672877,0.567082548076142
0.613084299232415,0.477990257741513,0.429953712731918,0.411967003532852,0.439850192904522,0.486071049017269,0.493188469780309,0.402851127862393
0.613213874640506,0.496165760548786,0.459951467952917,0.457471622968795,0.503382118242537,0.568980762262255,0.587858114764226,0.518536382559657
0.556945837294292,0.56825417390023,0.584491992247742,0.611821706431769,0.640633659777353,0.643593360382254,0.617112425025132,0.491306923640083
0.43669971364061,0.49900209078944,0.52237663013279,0.532452203992442,0.518902267735025,0.487516326602092,0.470114528111616,0.466012560209297
0.522311634473737,0.462742196340592,0.445245479079019,0.445541611406219,0.469312406542701,0.497636209751247,0.499276622580977,0.43696075913
0.757333823501983,0.52638504993371,0.44630920053389,0.421996558307672,0.484921328685125,0.593472946140849,0.631759098039732,0.540643176693326
0.648884796661288,0.588313951109261,0.548428475817531,0.498178955250061,0.447747210137502,0.412546189051372,0.405633037514443,0.427675795029262
0.584639945108213,0.523697073862784,0.503891430796316,0.499927358534053,0.518252328809801,0.5429534007991,0.545225660284742,0.492590790590909
0.542017994735144,0.513705361032252,0.50173624857228,0.494883117446062,0.50032680292347,0.521524325074531,0.540530671742329,0.580284729917428
0.245146244934364,0.422022507871573,0.494817957342594,0.541417388910232,0.5402195669231,0.513686422267034,0.513897721051783,0.609885094243913
0.51838237937406,0.502341135265895,0.501710448975703,0.510977174906873,0.530445616016156,0.547881620589681,0.547750048211442,0.50912451855588
0.398623726235461,0.556889119223354,0.623033231673412,0.665716306599566,0.661778962155878,0.623236343943393,0.604810533303112,0.633347383455901
0.458182208952435,0.506433025881134,0.534816374110717,0.565813293852778,0.588476075384789,0.589551051038958,0.575350480287413,0.519169769772133
0.62489152989303,0.465276594099772,0.404337051545246,0.374485515098717,0.397921922549868,0.45346886117948,0.474255670800602,0.423074423340592
0.448554152148806,0.419439463270626,0.414901177802273,0.425622008538554,0.457413218023736,0.501600485409939,0.524036793929003,0.534527939536717
0.548056140819029,0.505746983321848,0.507329155059776,0.541408581947781,0.614226240696055,0.699324046207963,0.732099777882647,0.707287424154401
0.577711814984031,0.458718946018327,0.413939022623363,0.394024330028085,0.417736883848654,0.472463087013126,0.500472809330783,0.494284289940667
0.677239394970041,0.465806156917191,0.392671497079095,0.370896861284981,0.429492934449694,0.530505003640048,0.566832794348387,0.486141512326473
0.635733203433618,0.439845513311844,0.352022021772505,0.285159911610266,0.267994185313828,0.292993672172224,0.307637885851037,0.278890922591238
0.509019739742919,0.416759764448985,0.365921612121631,0.312604599252465,0.271822106130261,0.254154178905677,0.255229604606326,0.272290330950161
0.537807638503871,0.415494991979494,0.354732142657777,0.297944100182533,0.260178925973888,0.238728004379982,0.224232211098561,0.169176538528645
0.614622042753006,0.393672497066752,0.295540858891129,0.222029694482269,0.204766132685243,0.232726682885256,0.246467362019362,0.201631444268629
0.456635404644321,0.356756199187998,0.311760344266296,0.276330786210413,0.262844100754013,0.2636477708428,0.258893934981655,0.210940108493604
0.543653572018115,0.404494833842324,0.342712740134695,0.295211844067777,0.278454268175128,0.279276198382684,0.269861687891614,0.190691188464158
0.645116649404456,0.434130812774967,0.336938770399618,0.259490890794976,0.234671949206127,0.260985096161069,0.283166615992941,0.283115225201654
0.519673558987337,0.367540389953688,0.3001549698876,0.248827455702365,0.232192204019841,0.23680970516541,0.230079455201599,0.152767401854813
0.563956406564753,0.261955270796709,0.16495899665835,0.151133111297503,0.260962849651442,0.429486510918918,0.487081583851245,0.35086057430492
0.638531085159738,0.402516782710134,0.302372838664422,0.234260527645547,0.230224812320953,0.269709392432964,0.281984282295616,0.20413930601896
0.565638192922969,0.388003110505732,0.310947228135869,0.255641874778326,0.246017449342773,0.268304061085529,0.274147572841279,0.214353372100602
0.51095457549597,0.374198799607092,0.310730600590721,0.260047200701761,0.245189606668569,0.268849256899031,0.291589265076937,0.317408409823873
0.664239620149575,0.472805903684074,0.383580146537044,0.310271094418488,0.281114694952507,0.293144808017826,0.303395936286965,0.280736065591046
0.541333470140798,0.406879139404945,0.340135939968666,0.280053418799371,0.249283057428398,0.25572865031595,0.271856794662049,0.301254537355214
0.670272969947762,0.406958154074891,0.289610328040004,0.201777132224525,0.183124412766459,0.224536518443771,0.250676735139728,0.226690947084684
0.522055001408271,0.402788027942665,0.346656699892916,0.29822784394489,0.271031395026509,0.256600652677595,0.240945111704641,0.167522862057954
0.564485122896093,0.333725913989928,0.245306462876324,0.201165941943149,0.232756821674363,0.308696305864405,0.334929204559311,0.25176931189293
0.565553139184064,0.448340172832786,0.385141571331487,0.320349301695981,0.272117180541637,0.250555585499222,0.249093997258467,0.255927434253343
0.605819618379217,0.413134983172673,0.326429281005275,0.259892662563783,0.241744625472233,0.264880890289209,0.27859087444856,0.24993781534276
0.658647699026648,0.428736624785444,0.332408068413631,0.267869592073324,0.263365162859103,0.292061312726407,0.29021144914531,0.169471031954098
0.639530912799394,0.438011192647828,0.342701618068447,0.262027924741314,0.225058410279294,0.229171876397931,0.234551626768017,0.202334293798031
0.612737370906154,0.422421677716392,0.337791070105248,0.275037160612833,0.26363548162061,0.298218021835418,0.321597590479909,0.31596270220101
0.531940439180911,0.426395321007503,0.371333779940015,0.31765367448034,0.282541018654354,0.27436702633795,0.280089146890014,0.296884513820352
0.532969756277856,0.451483680844424,0.399397427531832,0.336158063968699,0.277255002595144,0.244728894134517,0.247061153221023,0.301638268851131
0.59793406466839,0.43443638554163,0.350501214396719,0.270131465127314,0.218783548445616,0.205689708382559,0.21039526801559,0.217977401188307
0.582419419914708,0.361736579666004,0.269509642778594,0.209397874844117,0.212035386485617,0.25769276154541,0.274704116675443,0.210480599299923
0.561291652069481,0.324098089567618,0.243081474614465,0.220643697269411,0.288125520476787,0.399544610777761,0.435464913515152,0.326249419062538
0.616949155568723,0.413278150881211,0.322707676285434,0.254720680799096,0.238586224681225,0.264485945256949,0.277593702697515,0.23806553696238
0.664168986906768,0.392494807896477,0.278410259182038,0.202403088957634,0.200223195611485,0.244730270772475,0.254612387292215,0.147158799365496
0.572474730437353,0.425010584958641,0.352966450434393,0.288199790486392,0.251148025738938,0.241186353832967,0.237463950245332,0.203752814692901
0.64494748960502,0.417214710479101,0.318945382986186,0.250427049322136,0.245532757839167,0.291701802392159,0.31665719155276,0.286545139028476
0.590841430248034,0.433244969042377,0.357419950230177,0.291102222410078,0.256515992572894,0.25226233102488,0.251961590649192,0.220479472349381
0.514389666744482,0.307258366833037,0.223470338243512,0.17532462597515,0.196314508169058,0.27305099879458,0.317812342388124,0.324754281138887
0.519005054191637,0.368707735655277,0.305942403486168,0.263731556933144,0.259140945299192,0.271874982710434,0.26364233270358,0.163935680100538
0.635749856630093,0.435846688870333,0.348004328853047,0.282541473388627,0.264835321657352,0.277972899867605,0.274803403501149,0.185691835132567
0.558104303795123,0.257253476724097,0.139867061928245,0.0797333867398065,0.124445628751806,0.247443724461516,0.31311253737683,0.303654968559432
0.681488282258965,0.405810246938715,0.295315978736517,0.232428858172132,0.258368491022782,0.348062645078463,0.391520114063833,0.350365136785502
0.563368952273397,0.433479862175984,0.365415035972497,0.298691283187175,0.254606212008311,0.244093756424471,0.251474283528863,0.274599692601521
0.675492280843846,0.392999587855464,0.276290216587591,0.203158568081962,0.214558680682961,0.286717605531728,0.319534686131674,0.261687604268457
0.517932622698898,0.459509196536828,0.417131674980911,0.359085716444308,0.294207548079885,0.240331526276307,0.22291406975588,0.233309286283654
0.647888463964894,0.42374840409501,0.321774390772676,0.241556197490377,0.21539565164072,0.235438414887357,0.247045509176542,0.207027957437004
0.675259552350389,0.428619801415078,0.318847459314347,0.235868655762133,0.213954584863957,0.239228745530093,0.248826489319516,0.183776646113913
0.584923236481907,0.402870795652595,0.319892457663125,0.255141300802023,0.236954534797424,0.262900211300279,0.283109190483699,0.281682856120935
0.692018205515034,0.380852068605292,0.251653632374902,0.170170279656588,0.183132210395255,0.268032641635434,0.311738260378596,0.272461725196091
0.575583879602971,0.406942470255149,0.331668441539845,0.275278136632726,0.263564698705955,0.291529524031151,0.31013863026352,0.300613733980906
0.618756714550725,0.423109946523101,0.340198798493283,0.283130091923872,0.276123196788129,0.297811585051975,0.295860021037141,0.196706428985151
0.559363658305156,0.376987906206518,0.292273141768903,0.223470010772977,0.198454008922988,0.215796546445998,0.231084695402324,0.223593746453664
0.544829985824053,0.412825293637505,0.352906059009435,0.30410034271604,0.280244779827803,0.267256246788613,0.247129327125659,0.147051260879663
0.618309572069064,0.41214176698637,0.320916184825825,0.25292024136515,0.23709437541954,0.261717154129867,0.272038204375662,0.221479468833573
0.708417820063077,0.473238685532801,0.385503090924294,0.342679256549868,0.367334402381328,0.407610476882019,0.38807436314706,0.161401104485082
0.609004670384033,0.466878037975484,0.4049430119162,0.358127277112874,0.340353441837058,0.331588447474143,0.308506340123846,0.183998909865252
0.489723905159875,0.440001985693554,0.417340815373589,0.395744872013704,0.372184644372635,0.326704457251083,0.275841724962533,0.116874267607806
0.674243372899089,0.468175731510951,0.379061985958713,0.314906537970252,0.30168539849839,0.319893730923055,0.317722993370451,0.221820796592077
0.575565025815319,0.471642202274271,0.432411509194095,0.409211604248597,0.403247646756009,0.376459569078935,0.321263046294402,0.0924305175715885
0.615226462069846,0.450952864444621,0.380771647328096,0.330434767919009,0.317293750685332,0.31874801675847,0.300675234745041,0.174005160525176
0.577760250905073,0.461244744225721,0.41332136219891,0.380582306870276,0.371446251832389,0.360671846728621,0.330150231369453,0.181323730604096
0.673618186336564,0.472456754854444,0.38219790381727,0.312573577713352,0.290906722857071,0.305634384854858,0.309127374377638,0.247487749861027
0.583158105184126,0.5395689958596,0.502257832118712,0.444915925331676,0.372499484878776,0.302280260753824,0.272563066291888,0.261517470164785
0.60338987942385,0.451734303540628,0.388506934288734,0.344968191534213,0.335052099930225,0.332266452707246,0.306905236704673,0.157812944503014
0.458809484448585,0.461903011207478,0.452846651306157,0.427743629336747,0.3819907456278,0.320924544437149,0.284011322807292,0.233076372231433
0.599242995325233,0.418637210428081,0.351207361907522,0.317870136643483,0.335062593216142,0.361424600808529,0.341667589724142,0.154487331122221
0.663739689831992,0.47220013537761,0.389680773215258,0.33044871004256,0.317725916110914,0.331352352211646,0.324949997198687,0.221932183170621
0.461698049545599,0.475707931706143,0.465738881294847,0.431834969515464,0.37103601629673,0.301943466828016,0.272884920263532,0.276726733698477
0.642311789780595,0.512043173167239,0.452526300660207,0.401402163322441,0.366687150102331,0.32485123887438,0.274915438212031,0.093486735980713
0.555545438727516,0.477481805774719,0.431171045597481,0.377649180992516,0.327884317892655,0.291712116620007,0.278817994175048,0.270767986957932
0.484846585246447,0.474245905838382,0.464710625408604,0.445821797171639,0.408183151702152,0.337564362457168,0.274167962971663,0.115798604807506
0.713768754446319,0.450437870308201,0.34083354327715,0.269431791083933,0.270791107984428,0.317254230581427,0.327741938056861,0.22130321748386
0.65229998948199,0.462219828876432,0.380083174077497,0.318966785957089,0.297088956758172,0.286095600201989,0.254117487019308,0.0810379409225181
0.588379113401241,0.462605291778907,0.402670718192347,0.349640440904283,0.31720358253555,0.296291924973034,0.275689828210675,0.190425465395148
0.532825267273617,0.435173456375611,0.393905372624741,0.363329562206749,0.349036751636737,0.328584653498929,0.293753765465339,0.148476004863356
0.594980692571439,0.449661289320312,0.388194469431799,0.344273722027503,0.330917192014762,0.323209036221219,0.295898278317568,0.148940417439456
0.654775826879544,0.458459797978082,0.372166847655,0.30820659998513,0.292577216440733,0.310629703374782,0.313114180649834,0.241476137893642
0.672536458551547,0.461987156122771,0.367789806033007,0.296110870832149,0.277057103384394,0.300896719897242,0.312844043588349,0.270289204196881
0.590474877868322,0.448049242575108,0.392063925678369,0.35924510693929,0.362841115649315,0.374151763890617,0.356044690777574,0.215260475254339
0.648232041295169,0.46964824375421,0.389287976683769,0.325919515755216,0.301017082005006,0.299612922809824,0.287815294440009,0.192342074346261
0.553095513445552,0.460400976119693,0.412888773449117,0.365778865651573,0.328771299858378,0.298533238546602,0.276529703322771,0.211072886519413
0.563813078005335,0.44041335733516,0.391710432553066,0.361051160014214,0.355070659522235,0.340464991693829,0.299135903707617,0.106019765320766
0.609604991522294,0.456215752935081,0.394352548108695,0.35591454409396,0.356844514676179,0.371132224156845,0.358153421981902,0.232649811323748
0.629474884428504,0.459475883678566,0.392588622986939,0.352897279736666,0.35519877712328,0.363492942297397,0.336468738821678,0.153522996683471
0.564056913922919,0.440592193782053,0.394457123302152,0.368113686962684,0.363278005065709,0.334669882653488,0.271259747061989,0.00314442447534713
0.604004091667712,0.456936489658484,0.384763285658749,0.319867125463642,0.283890933473969,0.27886034100068,0.281285262065991,0.266525728180917
0.620030111076242,0.472045652299664,0.40187732063225,0.34180014391379,0.3120220938824,0.308795921255548,0.306531905429778,0.266280287765484
0.637564913830484,0.454402296339857,0.378619149059148,0.328170642452946,0.321994287674434,0.331168509531208,0.312409527561616,0.162853780725341
0.567344986677796,0.459551301743702,0.398908847202113,0.333777988348905,0.281978109440434,0.25787671148378,0.258807283217535,0.283994995410085
0.645886706209817,0.500612181228225,0.433071465849633,0.374504088824928,0.337157893585296,0.30213250862301,0.262092216211792,0.109562505507093
0.681251159700131,0.528720717606161,0.469916578648404,0.43454957191656,0.42871668981599,0.405791508345386,0.345686477608609,0.0746945028983019
0.535189057319126,0.473484020148943,0.439308969029093,0.399047691055331,0.351211244815979,0.282433250880225,0.222533533673919,0.0643201365682615
0.592340183550657,0.540771125738583,0.502760084923729,0.449107406316744,0.384895341051305,0.321731923383817,0.291263614590101,0.260989191014842
0.622614897192478,0.48503975635428,0.424129989237691,0.375302001300056,0.348594898570933,0.319620281051134,0.277906105935785,0.107656570137185
0.464020838899251,0.559050959208218,0.599065516904128,0.624309681805623,0.61788142164571,0.581267177337558,0.554944061294962,0.527683785470391
0.381165042330309,0.556208261576798,0.621650489403214,0.651311330324717,0.621393388622778,0.557784245229049,0.535872047510019,0.60136603929705
0.286650233731886,0.484050323656389,0.563052064577863,0.608489087894806,0.592730209572262,0.537246480311455,0.515825244501426,0.573150221250213
0.424694932446016,0.58798256218598,0.657977252404478,0.704998538859549,0.701986981281638,0.653547839089262,0.620473623428789,0.601679171831676
0.547134472639811,0.540667561408511,0.549115066458729,0.572930331932613,0.610970476932149,0.645496023256257,0.651278778769308,0.608978544474476
0.671309393672052,0.623180382362613,0.609727285949655,0.612364118558015,0.637839528183294,0.673903545724813,0.687506754420939,0.668301108878177
0.472137092832814,0.515788749826724,0.544608504973363,0.580505109278122,0.614779750758136,0.633795426677601,0.631759211262765,0.595761265312203
0.445133238294083,0.633785744870547,0.701839812815412,0.727522010384825,0.683974607509776,0.599929711531555,0.566431583867176,0.621500917091066
0.590796097328804,0.746967074116395,0.813370013517119,0.856464910848012,0.848722112243859,0.792246948782465,0.751202369973065,0.709439975021901
0.593232040297967,0.675260906299101,0.704046496055199,0.713653153263533,0.693339319399059,0.658251210001485,0.647436200081114,0.685921501208526
0.396463905650262,0.51463632197654,0.565529634153378,0.599962405241844,0.597917412754158,0.561662053823364,0.535793406581233,0.51557822824066
0.465221138781047,0.630685114208686,0.682981299546224,0.689440346258156,0.630311799311921,0.546568522368069,0.52652801780237,0.637748857051626
0.43815983337046,0.760589456494235,0.90519002244653,1.01512922068066,1.04250807253046,0.99859259311408,0.971402244941309,1.00982318068213
0.52102184701667,0.599302843678728,0.628842029721319,0.642611241671773,0.629584896634462,0.600323408016012,0.588908569008606,0.612302225117724
0.344676978391269,0.675677065947736,0.807946150678009,0.883444016980218,0.855242763140888,0.758520802701109,0.719193523543341,0.806726657423602
0.593515752390767,0.580091527242146,0.581839008674396,0.592795693467071,0.607251136875117,0.60152634726215,0.573442251086922,0.451163944595661
0.718949181672425,0.609927986834371,0.57766865083998,0.578576322486126,0.62559837600928,0.688958558669523,0.704965504940838,0.628670719954757
0.345288607485072,0.551794255990911,0.639146646219168,0.698228418695093,0.70134308737046,0.667417108772328,0.658079602748145,0.731478350807847
0.504234398619799,0.708653580460884,0.79134448731669,0.839955270647459,0.82444440791949,0.763422860701737,0.735024312302544,0.772543769366983
0.566646805691071,0.631139950234985,0.655790685217046,0.667431144481125,0.655752181199982,0.626878203514986,0.611507393089627,0.612441921373129
0.605742028694109,0.681195628045455,0.702326207711814,0.6984428695771,0.659396999395075,0.605118143227299,0.586107919671856,0.622534198563648
0.289364150619898,0.67565748414126,0.824143666717169,0.897553411796456,0.838850981503486,0.692148285680144,0.625954907786748,0.700171791107937
0.455113977235648,0.786991921472942,0.905887845095525,0.949703582180465,0.872793836866806,0.729574571907518,0.677855643596599,0.799104052530613
0.555209919912243,0.503363635301916,0.494216593886295,0.508809850246742,0.552037450396762,0.599973117740195,0.609842326940821,0.549197202601919
0.432809396339095,0.588441638921985,0.648114612449114,0.677525639445433,0.654216873189271,0.597075485913248,0.572920407661492,0.61063375888396
0.51066075633461,0.560218036395591,0.577130947879308,0.583453710122888,0.577225771450978,0.576288499130963,0.592783207506419,0.683167831665716
0.499458961628325,0.70653513171164,0.775749127396916,0.791244135137146,0.724238829322009,0.614169325956827,0.573204341513286,0.649051572835565
0.229040784531778,0.529885675662758,0.642163275736633,0.694925894791152,0.653462898939557,0.573592913808378,0.56805858301195,0.771951226119156
0.644747436050323,0.623889350658901,0.612608667231039,0.602763241619125,0.602440125411219,0.622179323257249,0.647298244940078,0.720061053559017
0.511475660022079,0.607461370627737,0.65199223918838,0.686499611080135,0.6919830165944,0.661506314504664,0.630712968155387,0.570955028171545
0.268652640487808,0.407214191883339,0.45095936995209,0.456325211729797,0.40696753356018,0.337605442259456,0.321775584614986,0.417830921727615
0.445476969719727,0.426605055861885,0.413953134685102,0.398128475554647,0.383299925015009,0.376327050029877,0.379068702577005,0.400819789695519
0.302414319277146,0.346792562058184,0.360063519249866,0.361766516760936,0.351426075249563,0.349582631694871,0.368371942539533,0.469905243653454
0.27471458687109,0.36293740995248,0.382300155513187,0.36641084453718,0.306881961704104,0.23971962360436,0.228052546231215,0.326836484260261
0.428456508279547,0.49601297988457,0.508857768770737,0.49207285950704,0.439403505864565,0.381123262939691,0.370229957543126,0.450190624212578
0.310579600842493,0.43717119390547,0.472508969949892,0.466737609322306,0.405615555610114,0.327706182560954,0.310231768397977,0.412464400317926
0.303574516868655,0.398858472132386,0.422272840342775,0.411568606204322,0.359203534978706,0.303751571974764,0.302674413561345,0.429370367474161
0.425809809605647,0.426262127782074,0.416335578370155,0.394215155275212,0.364329865539688,0.347018925084813,0.356015632909887,0.431698246294212
0.18466264390532,0.358006874489828,0.413328340406953,0.422581790612812,0.368444808358351,0.299227901531484,0.296636521665151,0.462261677847816
0.289285129798431,0.322422428193274,0.332820456772554,0.333952517329744,0.321907737711998,0.305062654653554,0.301174519143542,0.32417434142482
0.247355953525018,0.471262976274909,0.546505870547051,0.564545021270945,0.495175199246922,0.382188997782982,0.343264915651808,0.438381434476812
0.164684724605896,0.379522312337003,0.448950334471713,0.46245535168207,0.398558986080843,0.316071902588852,0.314048243218231,0.518375367734306
0.402765033294865,0.395827561337685,0.382763755220412,0.358146011779647,0.326414543257568,0.305489821769235,0.309673718316698,0.368310787207534
0.444521445693423,0.463141835014612,0.463753144722872,0.4509414074234,0.419485121400597,0.375011714644538,0.349501838234029,0.322762992794522
0.403877782394918,0.532637713718025,0.560029024119838,0.534091378306108,0.440664031837249,0.329911379824905,0.301590739979667,0.418309865799394
0.345398965406204,0.442985913684421,0.468277844287305,0.461769668539892,0.41947411172217,0.386002819227416,0.40634584367298,0.589916518163741
0.286923130043962,0.491748610278086,0.559501301355047,0.573510232187084,0.506285817657996,0.399447834452182,0.363038166920421,0.453135356799706
0.372137877488637,0.519010982828685,0.555718461605244,0.539511624763561,0.45557139969173,0.356890696459831,0.339392904434937,0.487090221718873
0.315207703902293,0.356303922901376,0.364262121773561,0.35509960386709,0.326956809470662,0.301559464817107,0.30532522251456,0.382478894190912
0.300817821282482,0.358300797036846,0.37239546739809,0.366152334973985,0.335811098787131,0.306094608413757,0.30953592157376,0.39762760933511
0.508263518001199,0.561293170859238,0.559956239238505,0.521181719791585,0.443789499227704,0.372056643563333,0.366679246296673,0.494986913961349
0.381620697373413,0.416035395614925,0.423069925000429,0.415030902103943,0.386950637835646,0.350465397161104,0.336292352518731,0.35033768766548
0.324565867933764,0.396097411384733,0.412650691680687,0.400615813579065,0.34998186064651,0.283158252661865,0.258112799217278,0.290140849938492
0.245587203487271,0.460558083536884,0.530287933005809,0.543084879649341,0.47380682454122,0.374448898802662,0.353681564732633,0.504141480751065
0.268887145101469,0.444830444451623,0.504906530440473,0.521494582132232,0.471321708073531,0.388474935719035,0.361670037408568,0.442329809056942
0.312941176656936,0.441007247378159,0.475634065582712,0.467338852400182,0.402245120867,0.321676205692606,0.305170582502047,0.417456370222706
0.295279256057219,0.385468862227785,0.419710574877169,0.435615591038136,0.419238423890951,0.380267256138646,0.360908798031305,0.369368997536853
0.409893246597676,0.499464864943653,0.5190198034359,0.50242344318751,0.440557594362617,0.369025533735105,0.353877072772469,0.445396672058585
0.684437254281913,0.426907605596414,0.310334219288345,0.218365667737218,0.184824829425852,0.19407629063613,0.191028919666006,0.0960407648552319
0.596427066615139,0.468656494152642,0.392335068195552,0.303129385579664,0.217971328538304,0.15176481124316,0.124570921870586,0.0968587429137984
0.488736589538377,0.381433561646493,0.325866951694505,0.269637826744654,0.222991794959352,0.1809960423266,0.149565747628591,0.0598427731114499
0.429368148197607,0.430606862358798,0.406147922392765,0.347924737592792,0.256849170584447,0.165227629698243,0.135036972726474,0.174585864906068
0.446961363546701,0.412636260886415,0.383410168950113,0.337553485845152,0.276030832564441,0.206992062976521,0.168428854528322,0.116319674735497
0.717630455811691,0.478366065333335,0.368165477669691,0.276910044173395,0.232347993935786,0.215664426849721,0.190873249235044,0.0502577276869642
0.491047028336549,0.414958524708422,0.369136171134555,0.313722578094668,0.254916895453647,0.195088557702679,0.158025441749632,0.0846765189786186
0.60584008225508,0.42990239471836,0.344801517507223,0.269221567420995,0.226655970293487,0.213730143976805,0.20585114707095,0.151727757435675
0.668694521680544,0.503396974447438,0.411302668704264,0.311613595976904,0.226334580738888,0.166879012154286,0.141735353066776,0.101177400813169
0.539739772431671,0.410678317393826,0.342386715800516,0.273538500938637,0.222570895132552,0.19626774786668,0.188389291154488,0.171859740674119
0.532128321687769,0.421820117956124,0.364350845084595,0.306642839034791,0.261741535462759,0.229496697719137,0.209847134804882,0.154936631948138
0.643924054640368,0.424396007524941,0.319032359525544,0.226021395924947,0.172902760922153,0.151291764509656,0.133346511266722,0.0389187756646185
0.440999919275657,0.425206643138971,0.387364267538894,0.310521782681363,0.200180631514618,0.0986998924540803,0.0725004084203808,0.145687737680614
0.479249191574431,0.475104185883038,0.442685116183739,0.369801021170828,0.258891806971094,0.150097746754703,0.116231990907174,0.171020818081076
0.533012937553403,0.462060391108072,0.410937853043783,0.339181501775601,0.251824070663995,0.159901998573829,0.10940416628343,0.0377979446841087
0.715020376519513,0.437022266412257,0.309545232132558,0.206754255413712,0.166135458117248,0.174541741504156,0.174010739011918,0.0873538865175458
0.549964582834228,0.437720210723131,0.380798704685933,0.324625588656113,0.279377948547821,0.237469588487759,0.203487030334412,0.100555922270146
0.60788483473437,0.419794380883439,0.328424425106447,0.247118613235034,0.202140657842384,0.192411652328313,0.189436879564679,0.148835679288566
0.606444025829028,0.40868928908249,0.317400870762779,0.242933611818969,0.212192085165645,0.216987243655692,0.216989697687358,0.159426037601586
0.547642400829016,0.446139641785817,0.392869247892943,0.337826896575772,0.290201426408529,0.245282719852784,0.211904900441485,0.120283831011274
0.494823548131307,0.457986275192654,0.422721267435795,0.364911918828048,0.287268029186536,0.206259441002747,0.168056543796026,0.140419427664495
0.66784513520017,0.436328068576073,0.329882781695552,0.24336457462046,0.207311332462475,0.209897021442881,0.205487029719907,0.123559757988888
0.71541343744204,0.508777732060256,0.386076132858345,0.245066809549867,0.117363393191025,0.0337647382924986,0.012980408235707,0.0297843361365748
0.535728599538606,0.455030576843219,0.397440181260504,0.318106687302909,0.22542545246329,0.136062776800996,0.0934091924864363,0.0507893659034723
0.528506096461228,0.388304511511466,0.311488506871068,0.229470478117896,0.159473853872609,0.107028696636221,0.0800162841619372,0.0231976756852983
0.780318371564446,0.418704486248176,0.255023010735795,0.127617111324054,0.0887028540225874,0.124777645792119,0.145238237191709,0.0814037390526328
0.567388376191703,0.335253668949173,0.23211010788535,0.154348436393405,0.134028370144034,0.157528923077787,0.16578391554218,0.101513116925689
0.571691336095799,0.406282935219279,0.32028798488684,0.234501223263537,0.169364871826539,0.126011604636417,0.101415783206764,0.0318734717700144
0.720022962670729,0.453461389117902,0.321834924004342,0.201338736480672,0.128573891558054,0.103489754698185,0.0929679486223658,0.0282881697465931
0.479336375853563,0.296882500405043,0.213802569619315,0.14925428961629,0.13205974228217,0.160439623075906,0.183021272718132,0.187735907405407
0.72839140590849,0.237635327658953,0.0341155412395457,-0.0949318509107848,-0.0788750650067795,0.0409948230108115,0.0942091718566389,-0.0131536895730475
0.546941359827087,0.41341012577609,0.341866371927093,0.267155116117737,0.204542967188438,0.155300209155854,0.125934376360449,0.0535662632028351
0.68376419042309,0.429338074265416,0.310421492866314,0.210593258669223,0.162935400245147,0.155944044827381,0.145820873991508,0.0505560587736755
0.634853990857403,0.373471667157401,0.258036729894978,0.172176805249717,0.152093501215264,0.181780472233138,0.192620892546282,0.121107675645995
0.566074585619176,0.41988854227483,0.326893829425698,0.213293422522181,0.10355686739934,0.030738343556805,0.0181890295317009,0.0668181596476476
0.523401366330817,0.41644680738065,0.352814313676332,0.277331699329095,0.200289707215924,0.126900826636387,0.0841732680685029,0.00356553943309734
0.535801608376978,0.3781079941895,0.301565081408818,0.23206876328432,0.18758406574311,0.159870572524707,0.136236225738276,0.0424392230719435
0.559300834706153,0.40825702942786,0.334748735191227,0.267101844814943,0.220803951307854,0.185115451658607,0.153196180017831,0.0382085627678421
0.524506276394604,0.332249003228912,0.232219551466292,0.135205840285554,0.072881342579633,0.0608284962586052,0.0735635242118042,0.109326899152016
0.521875028154885,0.417581390517577,0.356602427799055,0.285910971365434,0.216605106173777,0.154375736872769,0.119811821303115,0.0558724401307484
0.792689852015866,0.432059438533261,0.269632379488961,0.143432089464343,0.102641760342271,0.127637144991986,0.134064875036688,0.0270823915039391
0.66767246062144,0.375621799049731,0.243105012751579,0.139553774147593,0.107433733967529,0.136757640919088,0.154361416423292,0.107440682793422
0.714774621328053,0.409162561994487,0.266870275241487,0.149639181758584,0.101021384051022,0.113367300859006,0.121965144375321,0.0631957798392579
0.687441591237462,0.495549959556222,0.408199639685659,0.337646665433671,0.30669608666228,0.299995595916243,0.284473685276031,0.178850493625283
0.709127262240995,0.494205442957328,0.393339971214514,0.30906939835095,0.272177661776222,0.278531495475157,0.284250858749708,0.245959471892328
0.556198593426826,0.427376296124283,0.366762966858587,0.315079611440471,0.288562599176668,0.280954782811913,0.272561520280909,0.217134086426899
0.587778391783878,0.453457136648741,0.384401819814627,0.317846772929353,0.273894616561439,0.258796655267626,0.258274852968821,0.25265252889318
0.629747004389207,0.433694625393021,0.347300044399002,0.283001898010299,0.267009977887759,0.285400060853508,0.288860561213075,0.221151493425063
0.584680223488033,0.451233660144852,0.38883723200724,0.336200230359232,0.310072166736492,0.303370775387687,0.294873764484537,0.236065302732748
0.612256642624508,0.465315814224173,0.388633206106584,0.313096793389622,0.260591102096777,0.239143821557894,0.236382156110086,0.22971944827489
0.650778036136215,0.480350020188097,0.401033403681632,0.334822910823717,0.303485986468716,0.298201618945348,0.289851660184764,0.219940314149198
0.90744484973617,0.448914237345097,0.269547069974681,0.17247085796511,0.218266969470613,0.34559284838917,0.382424945093398,0.192379258507188
0.601724771343739,0.366221140931604,0.281677324921309,0.247952180887432,0.291324657854942,0.362444975623551,0.366897420971936,0.191028369628924
0.621899432696888,0.469863349566344,0.393416367316593,0.321691717927727,0.276228611354397,0.259849009982868,0.255355783543633,0.229510613329527
0.748741041483589,0.429287706491164,0.305034184932075,0.238845187947751,0.272288722864119,0.36062502273374,0.383959395291958,0.24149627239448
0.57461254611992,0.442269441489138,0.381158029699582,0.330303262897082,0.30502808662847,0.295070038699316,0.28100055253577,0.20299591069568
0.563392253555033,0.43108885447911,0.369117544606687,0.316852677274196,0.291393829831081,0.286735968237974,0.280739235334135,0.22980398830772
0.665175695639741,0.500034950987827,0.420943820829369,0.351496330465711,0.312742964973202,0.298769255407848,0.28725913155601,0.22098203598989
0.544046581873965,0.430596759934176,0.372522593532528,0.316862055252864,0.280485113608294,0.268172372685193,0.2675203554243,0.260932868674488
0.682112445720729,0.417735833232195,0.308195223272939,0.237699896557135,0.240979140414095,0.289721556196563,0.301141202718638,0.194309862050366
0.571269665038141,0.444491555395692,0.379619428734871,0.316686728200835,0.27236876113458,0.248079165210899,0.235989656341299,0.196554466899445
0.56414169529084,0.4423869295425,0.386320139287866,0.339191075735596,0.313145082199035,0.295056826822909,0.272116748824422,0.171469651367211
0.575925731585037,0.439342030220979,0.380128462641428,0.33585019161767,0.319857640736774,0.312476075260149,0.290579489276511,0.170213224030969
0.565852955393815,0.426595517785774,0.36539105158561,0.31865718617684,0.301035548954686,0.295318438836339,0.27719424129786,0.170410275392513
0.549662479741819,0.440649167376798,0.384602301503759,0.32832638825446,0.281934692250111,0.239395137128807,0.206496516962352,0.110612924222814
0.648518128443394,0.470267054977473,0.39080314158359,0.327180129021884,0.294960153983746,0.267780879001314,0.226329099412801,0.0438710289220425
0.623095297360364,0.457279455472466,0.379643778289197,0.312937334181811,0.275068561774969,0.252161988103397,0.226250350243744,0.110513099206975
0.58423903899245,0.43017070233171,0.370140142532329,0.335037730980635,0.336843381241796,0.339655337675864,0.308517333936951,0.12110510539466
0.549019854769514,0.493303288244793,0.452027787548226,0.394164314826741,0.326837002454295,0.265763940867922,0.241099070294171,0.232631120768108
0.688417996744381,0.437069018352338,0.338274099529724,0.280883951350787,0.28968801170484,0.316553150977123,0.291985613219743,0.0642773899331073
0.607679798839617,0.430326096284729,0.35285589851924,0.295449614504632,0.279462510469701,0.2872515375486,0.279033051655068,0.182470873266773
0.592168268454358,0.415515084915995,0.346380725694034,0.307105961687992,0.316077005667812,0.340826810441539,0.329036677081434,0.182909698441579
0.567997656621332,0.437431178550804,0.384679453991538,0.350279560030353,0.343783109930112,0.335963835957389,0.303739613517822,0.13781455975306
0.613122349017913,0.437309167914004,0.359989227675359,0.301221967284163,0.28045557255338,0.277749640199853,0.259840027932231,0.139251749601784
0.662325090270367,0.475608547228064,0.388209111560625,0.313934518330194,0.275117934549815,0.259990492320768,0.242192593744583,0.143762319373326
0.657133252187803,0.426215253644041,0.33933323378453,0.29532942668617,0.315761334049568,0.34952591279166,0.326143737564159,0.0954146403602438
0.659871823876428,0.472594149508534,0.385888657458759,0.313374456349403,0.276697249361524,0.261542456467705,0.241110167589471,0.130382959511269
0.63458818658146,0.471025828429438,0.39814413539783,0.340081531406388,0.311770340793717,0.290148292186688,0.255577882453045,0.0977330243297376
0.545850655664705,0.430740922463837,0.381063792684481,0.343536332851727,0.327358293537543,0.311998571666471,0.28312697310743,0.151262166665045
0.416696609401507,0.384095902115239,0.359752071764122,0.326482035556216,0.291320280491104,0.268830959761546,0.26912914776791,0.30655712859948
0.399758176571425,0.444297989998281,0.435903876292513,0.386566328164303,0.296373057530278,0.213252735743684,0.203971817764414,0.334387422167895
0.369818594482747,0.383100191612784,0.36883238116007,0.328960082306142,0.270686247251393,0.235408785423186,0.253369350553769,0.408881061430008
0.426820749034742,0.400763696547346,0.374190285364353,0.331802307756546,0.281973792751421,0.249893613519839,0.254347573476482,0.331397908135412
0.400746461430149,0.40924537693194,0.394618937137623,0.354836285384438,0.290946079354383,0.229719171091389,0.214698088033898,0.266892170829932
0.610877775058964,0.409632732826905,0.321090474831517,0.257631473840118,0.252239093255602,0.30133941744737,0.336923712930095,0.356811482016972
0.530296503171239,0.403570951631466,0.341166278252655,0.285808279647627,0.25908294149605,0.268255448752524,0.285414020379244,0.316138639520064
0.457023359947912,0.392041848104522,0.348753328252094,0.296263228255708,0.252633604555883,0.247790824399384,0.277038012885083,0.406271138489134
0.516544653097201,0.353660950840564,0.285562649757924,0.242363613526848,0.250061796662396,0.300194521313454,0.330447511679053,0.332947745810588
0.627576221142721,0.477154936323673,0.400692236386475,0.328761430877995,0.285384005226722,0.279210545930851,0.287774386286354,0.30289457947371
0.553348876038856,0.449004356477661,0.393418495700703,0.337065741264718,0.295376374767397,0.275225482712241,0.271065418605072,0.26576483018157
0.379933427247283,0.380248681397428,0.364327681534757,0.328659247889366,0.279075929196413,0.245576363608742,0.253329949458309,0.354881848324509
0.477892305127985,0.414915836888569,0.376977695174215,0.333288806791303,0.295042656314382,0.275074469035575,0.276123883369401,0.304700253832782
0.649242459302609,0.471079544825904,0.385230518503291,0.310977511247557,0.276259309242394,0.284691408259683,0.298902304142481,0.304873123152069
0.498596903048879,0.439311651877515,0.430182111077864,0.44931923321807,0.500423810645347,0.551130498636879,0.554396027623168,0.45590133846611
0.437763377101836,0.509736923129906,0.531300385172673,0.531245569801423,0.500792020556621,0.458857465232555,0.447452432153698,0.494143768522969
0.487486350553629,0.621060970468468,0.654601979304936,0.639917527816833,0.562661076555916,0.469279963158894,0.449040330651128,0.57041841605465
0.455806154427125,0.50179892301619,0.516472730310509,0.51882354929123,0.50399698851693,0.48435378797696,0.482307460095187,0.522452714319567
0.379999373848918,0.489677945204456,0.530272483040762,0.547995972721592,0.528231610055973,0.488223884554784,0.475446826184807,0.521197298540122
0.407209376132962,0.54620155940339,0.592401373722513,0.602297312271182,0.556855129204624,0.483365741545429,0.456988500408432,0.512321821498705
0.424779729641008,0.501870119458803,0.533997405696994,0.553427266074734,0.545728094439901,0.511219251470026,0.485616449677418,0.453205269318653
0.414730766243462,0.548115769108905,0.588193603214996,0.588560557574857,0.533484143005821,0.458850995955481,0.440706615734068,0.535080229797118
0.444246744821017,0.540934333294949,0.573769360460196,0.582213541980638,0.552793011490039,0.50323071076522,0.484659859525315,0.519072251969689
0.719937527680646,0.722036892943642,0.691831445064375,0.62285144340801,0.525300604626285,0.455816326582482,0.466090899101354,0.650154189602165
0.372354007465917,0.445330149068241,0.474336733284873,0.491285013424279,0.487668770540729,0.474727510190467,0.475469255030599,0.522007417261522
0.448110212085233,0.559255575722541,0.593015017184065,0.593093835643757,0.543396014909096,0.468034244032178,0.43779857774026,0.472119183193933
0.302477445066368,0.445516928988952,0.499536302173582,0.526210464735518,0.509274096583471,0.474922961640733,0.474449414731046,0.574307766379322
0.390999189670046,0.667482346208721,0.753527386398119,0.758872606174346,0.644229666175871,0.468425330220855,0.400106367969565,0.494631261392234
0.602135145186942,0.486758309987701,0.422703096117028,0.353341890302999,0.293174384814013,0.248353497559055,0.226626659589767,0.185449761928159
0.467698286663197,0.473059271950394,0.460369825111224,0.425337053002874,0.363771476926274,0.288065831593174,0.24823186803457,0.21294405019568
0.838520027104408,0.604415448529561,0.49730846681152,0.409531878838016,0.367735665459875,0.351746723168453,0.325900009518396,0.180289540963121
0.613184982239175,0.47098546412706,0.402188942316424,0.340056256774384,0.300794290725335,0.276711420070223,0.255759155313222,0.17107129451353
0.677263858888572,0.493563637019271,0.409751753221949,0.341695499497047,0.311045647747471,0.303011994436781,0.286933519077011,0.183334069920984
0.518711565333483,0.439868363070768,0.409454997887005,0.391905077210703,0.392494743256756,0.390949418736607,0.370980207380771,0.262205718524633
0.473588201254062,0.574878877769391,0.589751422972134,0.551800673309732,0.444962245930504,0.307963270107918,0.250339894114688,0.275849433722744
0.389516294547621,0.504938651553024,0.536293517998216,0.525684666166907,0.451037260835257,0.332278342754631,0.267513762783564,0.227680146950822
0.484326845967994,0.487232545218046,0.47894339513695,0.455350145924524,0.410678505605753,0.347079452324893,0.305123673351351,0.235718855619813
0.496551780058121,0.534966475418824,0.539347574892018,0.523130008058876,0.483378492413328,0.44196094505775,0.434834124176737,0.492170273406711
0.508859227398617,0.488840616367421,0.481655473973998,0.478907979685012,0.483151050432526,0.490759729634962,0.492811017744081,0.482559379367227
0.539458020191542,0.515098918222542,0.504459140593047,0.496616120702668,0.494613676788968,0.496226221613685,0.495677980606844,0.484045322630487
0.298274284447085,0.496638859974983,0.564029801461884,0.581340760155453,0.520720548440079,0.418124668300551,0.378972695283301,0.446483423199596
0.310358774520306,0.472942210221541,0.531732055018109,0.553412628163166,0.512684322780576,0.430282582774038,0.390339705566002,0.405962104107855
0.42278725787963,0.504400736062835,0.526339375842005,0.520862873035331,0.479437419051732,0.42910680785349,0.420024254139671,0.49625583405914
0.392945273277367,0.47140405664488,0.495740988366006,0.497653251327748,0.467601586042995,0.425260334455237,0.414186465853429,0.464789224295593
0.533040579518861,0.38949756932329,0.3385269315183,0.319878134224969,0.351178009128421,0.404551468865205,0.416494119612619,0.332477599855499
0.556337465623917,0.381169960709678,0.318035872395225,0.293904255858523,0.332568745405476,0.405234227939578,0.430425932126599,0.362391398965519
0.573906320200719,0.389379036860957,0.319182948577431,0.285677901895479,0.315640777928409,0.386272105805678,0.416490551898215,0.373459079247135
0.498460268724868,0.474895188704942,0.443795094670288,0.385722531049415,0.299848035467258,0.20246227330902,0.152372787805489,0.104896063315023
0.695935769743661,0.486313077831721,0.387177235649273,0.301060940109094,0.25211435437691,0.226700578578913,0.200434860828998,0.077283984210899
0.666583337281961,0.46377164501725,0.368160724947605,0.286026668777763,0.242019461256232,0.224878060214697,0.20662636581167,0.106109035976733
0.601064866668867,0.450097547142704,0.370508299651589,0.291284669453953,0.235690992723846,0.214347853643759,0.214441755355484,0.219833140616639
0.528723145207421,0.473946058367223,0.428249057871001,0.359984703922415,0.278089734145942,0.207677947374321,0.186219575478055,0.211113916271306
0.671266701832178,0.483411003691951,0.389621210768233,0.302720855324946,0.249724533370634,0.234027683536741,0.231530928747401,0.204876679839743
0.523806144750381,0.390049320740577,0.320380899148796,0.253098632527371,0.211315487807942,0.207894098184441,0.222284933395657,0.263098599706556
0.664924954132113,0.433353934444329,0.328037647686032,0.246139070059171,0.223474015232466,0.256257168200377,0.281095829886282,0.275690932334328
0.590708166190692,0.399117322342819,0.317226166272355,0.25951432043054,0.249213020625389,0.265374571966957,0.259917778869085,0.156312455001765
0.664565111687156,0.41672991214162,0.3178733442262,0.260083519436991,0.273864006947234,0.324358100128587,0.329800685313475,0.195863172610937
0.796923401847871,0.432654082913887,0.273277965662393,0.158269925646716,0.141148110544107,0.20328520253686,0.236593162755748,0.180695328064604
0.717996149507839,0.381248374757889,0.241545159449551,0.152541734020513,0.161792621720234,0.239394211757416,0.271061324894235,0.184013811082797
0.389841088311559,0.589348087376496,0.655174974359477,0.666572300081224,0.591662920933823,0.462050104824976,0.399637336487215,0.412430800994871
0.514553183022193,0.552203982126086,0.553128668100536,0.53015791973425,0.482827455470385,0.440973092570247,0.441794929679714,0.536651275273408
0.632835265911031,0.440434512755553,0.352604391947798,0.282269081337023,0.255017997741833,0.260637545444948,0.258980995508619,0.193418056930551
0.715764884403489,0.465080770908071,0.354825217903119,0.271843136245122,0.246152183295674,0.253427689757824,0.23985530118446,0.101604040342549
0.577865668743268,0.417384825946639,0.332895827531446,0.249714890009967,0.194668126075766,0.182659077313014,0.193897583099356,0.230381367093622
0.515143207924816,0.388777121139946,0.318684091647063,0.245086400578793,0.189972669497655,0.170945725251332,0.179220095528661,0.22400312986891
0.309670921910142,0.443727362421403,0.487949867358788,0.496404420825239,0.449920768343171,0.373774225613651,0.343600278463635,0.385325821994916
0.612230717251176,0.438635357828609,0.355749384176162,0.283520696315389,0.244555857941931,0.23318637354978,0.223955898236537,0.161093263060919
0.360400379532032,0.351129438795366,0.354528409575889,0.36931903660094,0.397194613910393,0.429243782104653,0.442502571080566,0.43902365362774
0.609459107053684,0.453450247018658,0.376574981469763,0.30643374101283,0.26445033908426,0.250404717388414,0.244490444472794,0.20652330703308
0.521908703079186,0.453029572844578,0.410292846949023,0.357124653710896,0.299025939688853,0.239464548740195,0.203534032047788,0.136670966557806
0.652088374573382,0.375812693026876,0.249798766591198,0.151460944316042,0.124178500931528,0.165042089893506,0.197550447798336,0.201003130843476
0.529142910693912,0.364237377496778,0.28881750124844,0.228066751956574,0.203550551841025,0.20602835793033,0.202484154564778,0.141016001119401
0.705309104451666,0.48974129879813,0.392906357925193,0.317440720532283,0.291000055929466,0.298420143447826,0.293499483782643,0.20363524075754
0.611855493485716,0.54269273962766,0.495747783868054,0.434259653974376,0.367648484411924,0.311260174787042,0.289808729009825,0.28379828599175
0.359312405352102,0.409064184636988,0.407826566075,0.37139815213108,0.298424271416608,0.229981605635701,0.223664581767347,0.34038120400534
0.658037821391406,0.457596010717049,0.367568174465779,0.297221136749349,0.271703715704775,0.275886380874941,0.268363625851242,0.176454459824692
0.552919648238935,0.252070004195257,0.132914906447747,0.0676908867535762,0.101475101648153,0.205344201870229,0.255306529310201,0.210447817507361
0.680047978143484,0.421868378760863,0.306366284662226,0.219876867286414,0.203151806134,0.251120169674093,0.285852029634952,0.29012621322123
0.49584186562195,0.405240811866867,0.360011139702887,0.317876176708337,0.291221722325191,0.280528289398982,0.275963118088588,0.253634346341797
0.276081814021279,0.467871241000866,0.535763376727032,0.559879979859512,0.515833893926918,0.439627085664213,0.41899331971917,0.5191376326498
0.580367862351827,0.392872287332898,0.307900079988277,0.241151290177019,0.218478636946768,0.230819648332716,0.234885874988406,0.183902921817775
0.707764176382028,0.452038268178001,0.338152494802062,0.249526998453231,0.215023335558075,0.20838668911223,0.183303902838945,0.0176720344128904
0.727196662495892,0.573511963938215,0.483691329506469,0.381588986712538,0.289006509289414,0.224043514545691,0.201686676701413,0.18765222956493
0.579065713489312,0.580059092780347,0.588822916799571,0.606921365225004,0.629050408378581,0.635932466767091,0.620763125480041,0.537214645183287
0.63335505379506,0.476407786601702,0.386065331705381,0.288527609039051,0.215583919745508,0.201101504593066,0.230124661579971,0.354761703510708
0.543588437811365,0.491182741075902,0.473260730747692,0.464686316192593,0.462579409839176,0.4392455722188,0.395814854491275,0.227330123655017
0.615872114853762,0.384365246402604,0.274636414199749,0.183929970459511,0.152600079804963,0.190389634228344,0.232674428396103,0.298376829436336
0.664606044944556,0.573404686345158,0.502812022522684,0.402494193279693,0.288372468462143,0.197475631149775,0.175067747994305,0.226753082821523
0.583810323376749,0.47922597398757,0.429798246445919,0.387792433872388,0.367682149967406,0.366967029192712,0.366604970455352,0.340836657926916
0.590315780371825,0.406294995806436,0.317391677424844,0.240782361219929,0.207062253906273,0.22335908338444,0.246804447708204,0.278776911256825
0.429602556626085,0.385486392481578,0.374087878200248,0.378620515560374,0.405032724653865,0.44054037328958,0.453101671325294,0.431131752419253
0.464042393868388,0.447303313903054,0.448601777678977,0.463721727926565,0.495268472578997,0.532203469179993,0.546846714348039,0.538409364071062
0.378619624612641,0.456633956081448,0.468408783287809,0.441285960631418,0.366610473648229,0.280481842808221,0.256024373828714,0.330120407451638
0.594623305962605,0.479011973568178,0.407577319521605,0.323001624940777,0.245418259786811,0.19981197769904,0.197001968639363,0.245007261418778
0.626000847778572,0.50477407113082,0.442104394657813,0.381013235049475,0.339074418358161,0.321330004109622,0.317383565863801,0.304251734175252
0.857232121827741,0.451398857697065,0.290728394295991,0.19868819248751,0.224510462819251,0.308367482140784,0.315252252716503,0.0842346427461704
0.588458267347602,0.419653054527534,0.347261655554554,0.295556587458733,0.284204116900818,0.293601126282782,0.28425064053094,0.181378281800286
0.869700338769531,0.518909904980946,0.355112707442696,0.221040739242297,0.171081202685365,0.204898560156366,0.237115583531817,0.234840300182436
0.32916305382937,0.432264227962404,0.471724425257783,0.489900082419906,0.46877756374964,0.415337869491089,0.382814026468622,0.361684463509801
0.639426706595767,0.472934160333203,0.386776468520173,0.30198077761376,0.240792990859986,0.206858356345793,0.191417776576756,0.145633669054565
0.539509448554588,0.411505387162144,0.352528417566183,0.304454607449694,0.284318125690148,0.285999526018325,0.284168834241699,0.241196128601085
0.665580126518638,0.451083059119348,0.349817860267908,0.263949913821469,0.223239993228479,0.222564937505624,0.222376442243043,0.170547303750088
0.591318187114638,0.454945818277399,0.389451184208304,0.331510173658332,0.298057817599497,0.283626853420965,0.271514289433939,0.210349778594315
0.601830900613365,0.507797267653534,0.445797670538459,0.366978821416565,0.285437079194162,0.222132397915595,0.202330881580746,0.211437480678578
0.514224617116397,0.406690617362064,0.344738562790787,0.275129291742945,0.212340636392186,0.166560275521991,0.148132699486808,0.126040186733611
0.486763724113792,0.454287786339522,0.420409721818625,0.364342799141088,0.292545161993625,0.230202833219632,0.213835447027307,0.251983483875787
0.459457660569472,0.461813209491192,0.439325660880805,0.385003910274755,0.299730366945307,0.214313636033475,0.186849267567437,0.227173036200713
0.503812745240247,0.4940195970379,0.478106792910821,0.44670807719662,0.398896998720041,0.344021294286845,0.315879633167137,0.290362083492152
0.651743182536188,0.489711465571352,0.412186841614227,0.343202157741031,0.30058533564904,0.27337699172744,0.247396644453176,0.140677649541922
0.582250251512326,0.372323789840189,0.297396781588879,0.269756990677557,0.316669590576692,0.400496517240315,0.425195333587802,0.324571865877827
0.596173569873045,0.431315530448984,0.355384422891999,0.29392729635018,0.269972381793509,0.277558677147233,0.280943827692963,0.241620860897593
0.625994645192051,0.346444457021451,0.232405141814026,0.161683021830808,0.169895607855496,0.222961172637404,0.231811495343632,0.100913756835371
0.508890142973442,0.622640787069626,0.653858915088445,0.645570363560953,0.5799187250551,0.483141347094084,0.440182444532915,0.458040408616738
